Name,Bundle
Orthodox - EZ,0078dc2c952e0d9839554cc41892c1e2.bundle
Volcanic - HD,0386bdb3dd072851130054cbe2a455aa.bundle
Class Memories - EZ,039ddbeae7675fee85d105293bde780f.bundle
Trane - HD,041d27fa0caff14db94cc13ba94ae651.bundle
万吨匿名信 - EZ,0477a3766aee1677e68f057ceca816ab.bundle
重生 - EZ,052ec730685c82dd68f0684707e8df25.bundle
雪降（雪降り、メリクリ） - EZ,055c65df852cf30d7711518ce819089e.bundle
狂喜兰舞（狂喜蘭舞） - IN,060bab46e1a1dfc55b370bc544122cde.bundle
Cryout - IN,06d3fa0d783283b6d936782d06a61787.bundle
Goodrage - HD,06f96ec257f85a4c27fc0ee112de7258.bundle
Unorthodox Thoughts - IN,07112e06a1136809a926b417ac259807.bundle
After Dawn - IN,079ea5bf6b5aae9d1d3d13fbdef672a1.bundle
-Surrealism- - IN,0af7d2761a07dc341c31d37e655cf72b.bundle
Mobilys - IN,0b17e54ea7f6284d9438812f41eaa61f.bundle
Dlyrotz - HD,0b7205890d16f224c630705d55a1b966.bundle
Chronostasis - HD,0c4777baab74d2c19df801edc9a0ad79.bundle
Infinite Enerzy - IN,0c62c28ae875c329d807838b4bc1f799.bundle
万吨匿名信 - IN,0c6fb0e77291d5678d7fcca0493f6189.bundle
JunXion - IN,0ca66acafe6a460146afc3044717018c.bundle
Micro.wav - EZ,0cef0390fcfd65dc9ccc363131d53075.bundle
光 - EZ,0e2e9e9109d9b579bc836a2964264291.bundle
Volcanic - IN,0eae821844c7fe18a1d6b16937986b43.bundle
You are the Miserable - IN,0ef310c69971b34b7d90c36dd4f1add6.bundle
Miracle forest - IN,0fbfac630854d6195f2db7fffd9eac0a.bundle
Colorful days - EZ,1047c0ab71c38d4d339e3de65c8ec8b5.bundle
Spasmodic - HD,1056b3b1c915e3af4436e8ac731bb2f6.bundle
Volcanic - EZ,110941ba3ff98176dd7b768095a9ce43.bundle
Aleph-0 - EZ,11237806b79f31503c3722b2860153e5.bundle
Fuli auto shooter - IN,118d5ffaf4da4fb77eb2f6106253c1af.bundle
Another me Rising - IN,11da0cccd046e7373265886dcba81cbe.bundle
Break through the barrier - EZ,11dea731754a8cf2b912deb8b3f766b7.bundle
Cthugha - AT,11f2c1e7adea9966709ab5f29ff6b81a.bundle
Non-Melodic Ragez - IN,11f583bc9ab21e65182b2f72d5d36db5.bundle
望影（望影の方舟） - IN,1277ffdbc17dd6072f6f726632720063.bundle
Time to night sky - IN,12b26ead9de22c38b0aa4cf4f198d25e.bundle
Re_Nascence - HD,13a4906899f6aa68c0bbb6c2449863d3.bundle
Magenta potion - HD,14f0416742c86dafe77f6c1f9cede906.bundle
Human - IN,1520d099f707897c1ab648075200d20d.bundle
Future mind - IN,1532926efbf412ea3f8b8dc351e77a6e.bundle
Another me Rising - EZ,155217856c8606daf4c13b6d52de902c.bundle
Energy synergy matrix - IN,156fe836475720a96369ef122be2518b.bundle
Hardcore Kwaya - IN,16eb78d9424a002f00f6c368ff67ace6.bundle
Palescreen - EZ,17144db127ae890913a2ac32a7ffc839.bundle
Nick of time - IN,181153eef933f7c7f7e553756fa01890.bundle
With you - HD,182320d0c93db3aec30085963f602b67.bundle
Engine x Start - IN,18a71de3853ad5e1e4178e91d99c14bc.bundle
华灯爱（華灯爱） - EZ,19e259cb7e2752acc8f9001f76336754.bundle
Iza Mairimasu（いざ、参ります） - IN,1a8247101a584bbc3555a3e5870c56da.bundle
Chronomia - HD,1be3d54b85e046e9d848fa895f9fda32.bundle
996 - EZ,1ce15440825d8b44171726912c4f44ab.bundle
Spasmodic - IN,1e4f6e3bdd7972553242f4b77b498ee3.bundle
Luminescent - HD,1e8b982821e36fc0565eea2252fac59b.bundle
dB doll - EZ,1f54a6a52bc0faeb734492d356250a13.bundle
Infinity Heaven - HD,1fe0bede587b80349674e2e14234966c.bundle
Winter Cube - IN,2046f35a7f9c2c8c1af7a74bdd48089b.bundle
Starduster - HD,2197151db3de436190d3860f6505ad76.bundle
Kerberos - IN,21a5cc91c615b6b6ea4efc028b752dbf.bundle
Get Ready - IN,21d03355c6111754661a9504c047467c.bundle
狂喜兰舞（狂喜蘭舞） - HD,22047e72b5717bb938c729b77b725639.bundle
Ripper - EZ,22346c5a170706e495bde2e28a1d552f.bundle
Sparkle New Life - HD,22449053d6221fbdc9c7dfda0211b081.bundle
大和抚子（大和撫子） - HD,22bc7246526bbdc24a081e07a8acc933.bundle
Goodworld - EZ,236a889576240020daa7a790b1933d1f.bundle
Doppelganger - IN,239c589e79368d66b2d65989c59189f8.bundle
Eradication Catastrophe - HD,23ded3558b29bfdfbf225c072e520c5e.bundle
Igallta - HD,2478370860f60ad0595d8f8abce2cdc7.bundle
Better graphic animation - HD,249518adde922c88a5416b6398f4c3c6.bundle
Class Memories - IN,24f7cf25de26bcebb651e801fcb0348a.bundle
Fuli Auto buster - IN,253dffeb4e701a8408770615550a7e8e.bundle
Chronos Collapse - La Campanella - EZ,25552b209101791c24a109ae2256f03e.bundle
Cthugha - IN,26197db631097322415cfdf94f5e326e.bundle
Cereris - HD,262315ce3d54010fd5e772c12f19d2ab.bundle
Sultan Rage - IN,2699f1f42dc613fe0bc9260c2b669ad7.bundle
Class Memories - HD,26f0d4f04c2830845dbbbbcb92c4f797.bundle
Another Me Kalpa - EZ,27806e5a42aaf0f41f3b2e8e2621786d.bundle
Dlyrotz - EZ,2786e14d15eac53215ef4b37903b2d0e.bundle
Winter Cube - HD,28318abe61ca9ca518e6e321b491d5cd.bundle
Life flashes before weeb eyes - EZ,29ba684a5ed7778c46fe7a5cb9bd5a4b.bundle
Sultan Rage - EZ,29bf3fff21ae8159dc1b5a6e7164bcca.bundle
Jingle Bell（ジングルベル） - EZ,2acd4f33c81a51fd76d90a0d0d75266a.bundle
Future mind - EZ,2b1f023dd06acd0451711e2415b8b2eb.bundle
HorizonBlue - HD,2b28a92c1202116b9d6d1143e33bbe0c.bundle
Xing - HD,2b5a44e96d92108629e599a19a68f670.bundle
Another round - IN,2c463977116c50d45bb4ca75e1c4e8d5.bundle
Non-Melodic Ragez - HD,2d7132e52c31bfd7fceaeea3c2f6dba7.bundle
大和抚子（大和撫子） - IN,2fae869bfddfbe15bc5e077ef710e890.bundle
Starduster - EZ,2feb25869b55b10308f94254d3d56c57.bundle
Orthodox - HD,300f1af3040fa854dba1abbe498c2f60.bundle
Dead Soul - EZ,307916ad1acff982608cdc9b5f21314f.bundle
Cthugha - HD,309665c16fb7e9957b77583c5e8e1d98.bundle
光 - IN,30c1a7ece12f663e2859776a0e37eabf.bundle
游园地 - HD,31645551819b81ab67b178db55a11c53.bundle
-Surrealism- - HD,31b44fdee446a57360fa02a2a6e06f34.bundle
Electron - HD,322997a44ce946f1c7b44e66e869c2a9.bundle
Disorder - HD,3283360666e8811664cc00f4324d5d0b.bundle
Infinity Heaven - EZ,32e17b1a745df6205ddde97130039b88.bundle
Modulus - IN,3446e92970a476f7fc395d4590fcb21d.bundle
Lyrith - IN,348d890fb2f696ac08aca9c24eca0de6.bundle
Another Me Kalpa - HD,3538a454fbaad48c88c672e0edf6424a.bundle
opia - IN,367639baab6c8f0af1eabae99d62396a.bundle
Xing - EZ,3697b691b504d1a9b1ea714a2c852058.bundle
Mopemope - EZ,36ceec5cebea9825859cc7d5491ac494.bundle
HorizonBlue - IN,36db418582651b2102d8f31f6e91f88b.bundle
Magenta potion - EZ,376edab411a76352c273c68612cf69b8.bundle
Introduction - EZ,37a53d0639de4b4b66be4a9adb2a0b07.bundle
风屿 - EZ,39b00ed2961236003817ca13ef2bb0e6.bundle
开心病 - EZ,39b58a05c48ec1468543fa81a0e03359.bundle
Eltaw - HD,3c973905aaf9e089686c4b4148dba542.bundle
Fuli auto shooter - HD,3ce71b761e69290cc1834def833e22b6.bundle
End me - EZ,3d3f61b619803249422c87945a39d5b6.bundle
Mopemope - HD,3d3fc9313b8d9a5174e06b6894a3092a.bundle
Reimei - EZ,3e69db1fdfa7039990a00f1e6945f038.bundle
Break through the barrier - HD,3e84bd202ae36f213e09e2b1d69397f9.bundle
Mobilys - EZ,3ecab8df22c15e061e233986cb4d54b6.bundle
Demonkin - HD,3ee7de99d873a1718cf0e87a78595d91.bundle
Starduster - IN,3f1d7141fcb34422c3ebe76e2ee1c7e7.bundle
Hazard - HD,3f494260a0c0917b471a895e74f87519.bundle
Energy Trixxx - IN,3f6b6efe8d8b8d57537bcf02e0fee9fd.bundle
Chronomia - EZ,3f6f86299ebba3a3b6492a0e999ef889.bundle
Eltaw - IN,402785fd70dfcc7b197f4f6791c669e4.bundle
Leave All Behind - EZ,40667da530ec2bb5f47defdefc7920a4.bundle
Rrhar'il - EZ,4073132d234045e2aa57bbc43ff1db0f.bundle
雪降（雪降り、メリクリ） - HD,41284a2e31e7fa548d6d88ed50633b5f.bundle
Micro.wav - HD,41c51d94d75d180fa0bf0042159e1752.bundle
Mechanted - IN,4263c053daac075a3275df661a123913.bundle
Goodworld - IN,42ea5444c4512cd3389559f9ec1b48eb.bundle
Cervelle Connexion - IN,437fdfa1b2cab1d341b140ae71df385f.bundle
dB doll - AT,447757f6fd75ae88fd00852cf7d3f96e.bundle
Apocalypse - HD,44e3155572e7d723a20ac0cacd3c8753.bundle
996 - HD,4591e348e33ba99559e6a57980761c0c.bundle
Cipher - EZ,4598f224234cdcbe8a5d625172b523c0.bundle
Ark - EZ,464ac01acc5d37fd44402f50ec317b81.bundle
Sigma - EZ,4652c080f27532ce0d09aaf1ef4a6f36.bundle
Reimei - HD,46575c343d1c10493a33ddeeee2367d7.bundle
Ressistance - IN,475d1263c77baa08cdd752a6c172bf0f.bundle
Miracle forest - HD,479a60e4c132e8998118650512763300.bundle
HorizonBlue - EZ,47d010ecb8702bc49c7b67c18915d4f8.bundle
Wavetapper - IN,47f45334c47332292c45d2df82a3792c.bundle
Fuli auto shooter - EZ,4826c67e75ac8507f980c66358218750.bundle
Palescreen - HD,49201c44450eeb5467e77f769f4ca755.bundle
Poseidon - EZ,4924c8060570826b6624fabda1495e32.bundle
Nick of time - HD,497e5ea23488f058a60da278d57f9efc.bundle
Goodtek - EZ,49af877e3a426a763d3847d2249e19b1.bundle
Concvssion - HD,4b6544143ce8f080106c18bbafb30243.bundle
With you - EZ,4e05dcc028232e724bfb256a98f4bcf0.bundle
樱树街道（桜树街道） - HD,4ebf5fdaf5e30bfe974c161355a0886f.bundle
Mobilys - HD,4ec09471995845af99b109b3ba7df0d5.bundle
Ressistance - HD,4f0a8ce93488cea9a23a21c325adb891.bundle
Lyrith - EZ,4fdb8ae1c72dbee676bbebeb90ffd111.bundle
Water - IN,4fe6f269f9426e626a0b515196d35991.bundle
Sein - EZ,502539552e7b15fbdfa36a6d346508f1.bundle
萤火虫（萤火虫の怨） - HD,50ac5d7b337d63f4840b48ff9962b84a.bundle
Eltaw - EZ,51200e2297ae853f0ea308fb25a2fe3a.bundle
Cross Soul - EZ,51d23ce2d66a10ce15e86cd263d64072.bundle
Parsley - IN,52e82f496e6277f7b333d42d7de580b0.bundle
The Guru - EZ,534d3ca694f55d8b82e8d9c6aa1e7813.bundle
Sparkle New Life - EZ,54536d8067fffd6c2029a8cb9685bac8.bundle
Praw - HD,54ec35739d800567c7a60dfb73ee9a26.bundle
Mopemope - AT,55cd8069d27e40c7766fa57373cc39e2.bundle
樱树街道（桜树街道） - IN,561c536081dd71474e98539069a68fbe.bundle
雪降（雪降り、メリクリ） - IN,5696f8b0e4d14869245bfe99f2d1b8ed.bundle
Rubbish Sorting - EZ,56a89b9701f719ea72349b3d3e0d611a.bundle
Nya - EZ,5778bcd411f7f89b8b903fed1aad6596.bundle
Cereris - IN,58786e326f766c57b2d4aa8d2e4c4cad.bundle
Snow Desert - IN,58a582db2944dc73ac855ad592dd4974.bundle
Speed Up - HD,5921b349d1cc8fa708b8a403c4281d20.bundle
华灯爱（華灯爱） - HD,5a1e4a900ce4fda3657c4b8fe20260d1.bundle
Credits - HD,5a2fced0bc1ffd51bde28c134f6620b2.bundle
Chronologika - EZ,5a308e23cde05d44cb0d870f7bb38d09.bundle
Chronologika - HD,5b0f96db57c3beb1c62211f3246b7074.bundle
Cryout - HD,5ce7892aa70de8f9eb6db9807a016ba5.bundle
Palescreen - IN,5d1ff98b231c845ea952a02df32f8339.bundle
Stasis - IN,5d3b9216e0409cd9075445396ce8ecc8.bundle
dB doll - IN,5dedc5d0ba1f6d8b15d879d03cbeef81.bundle
-Arkhei- - IN,5e406cfb89d2e4048c8f07940fc95b74.bundle
Engine x Start - EZ,5ea51747657ed451823b688aa41a4f14.bundle
Time to night sky - EZ,5eca1ba0018b58224be2e5ec8c8fd9a9.bundle
Better graphic animation - IN,5efb1f8de51b50cc3f68911996297b8c.bundle
JunXion - HD,5f140c9b2b0f8c203f2c53450a263d57.bundle
Rubbish Sorting - HD,5f5d55799adeed05063b1b50d9d0ea4d.bundle
Energy Trixxx - EZ,5feffdbf9802e7550875899ac2fe7a76.bundle
Sein - IN,608ab6f4c3e7f658a640a55a8e4baf03.bundle
Dreamland - IN,616d0314ebb8e0e7c29ff6549b4f3c02.bundle
Jingle Bell（ジングルベル） - IN,61961f4a6d3de1e811bfd5fb1d7738f8.bundle
Ripper - IN,621244e5e6987200f99957d46a62e39e.bundle
Aphasia - EZ,62c71a62961cbf87789b34b3f1e63b70.bundle
Leave All Behind - HD,6332679b8555713a1e0bfa0bbde89cc5.bundle
Rrhar'il - IN,63373f3fa5267d154a78043b5b63e566.bundle
I Must Say No - IN,63aff4b4b727a830ee83516e3dc94c15.bundle
Spasmodic - AT,63b6f6e1806829b8900a4ab64b186583.bundle
Luminescent - EZ,63fb743eb22432ae320e0d3521cff934.bundle
Shadow - IN,64017d9b1eca62d2a3699d88670d3e03.bundle
The Guru - IN,64022fc45b9233badc11aa52a5fd852f.bundle
Next Time - IN,6420dec923f7973ea557a4e2eddddd70.bundle
云女孩 - HD,65356300a95ef9ab77ad242d44d57555.bundle
Sigma - IN,6580610cb57c751a12d29bec54586dce.bundle
Dreamland - EZ,65cef6ee2e3c99f997cc74f6d45c8bb2.bundle
Goodfortune - IN,6681027f9ef6b5fe2f91faae566a8723.bundle
Goodtek - HD,6688fb016b5c0056d736da6d78305c0b.bundle
Human - EZ,6907fcdf84cc34a0095f7788add67b33.bundle
Ark - IN,694e5ce8377835690dab0bcd17e017cb.bundle
Glaciaxion - EZ,69815dbc75f9770c399f94e34e4c5796.bundle
Get back - HD,69d595e2d1f00038dfff0a730f9986f0.bundle
Next Time - EZ,6a57ce39dddffbac2ef7256d5c06536f.bundle
I Must Say No - EZ,6b1d1060daed9c06f8ffb1427f4ac6a9.bundle
Engine x Start - HD,6b2a938d33d06c1591b72fb6ee8c24c6.bundle
Parsley - EZ,6b56fabaa0b7693d9c07c97ebd693c56.bundle
Unorthodox Thoughts - HD,6c31b9e675cf20ceccc0fbc7f512767c.bundle
Poseidon - IN,6c608facbe0eb2f51fdd4763e81e326a.bundle
萤火虫（萤火虫の怨） - IN,6cfd25b57b44ca0f6ccc5de016af1b0a.bundle
Sein - HD,6d72e90e6b841c7997209c5a636c8108.bundle
Future mind - HD,6da94142a71554222f61c76f2e2edc86.bundle
Apocalyptic - HD,6e832f3952c42e3e3a8a1e45677ade80.bundle
Energy synergy matrix - EZ,6e88fe255bab99f7cc4da6df862819ec.bundle
Disorder - EZ,6f7774f59c2a063dd515d73ab131ea74.bundle
Mechanted - EZ,7005c255fe3fef32acc142d36762ac6d.bundle
Energy Trixxx - HD,706e57307651b5db7f67893f35675759.bundle
Apocalyptic - EZ,70ae4b1919f3ffa6e961e85995b2c3ad.bundle
狂喜兰舞（狂喜蘭舞） - AT,70b3cba66d5b37a481e49ad104b60fef.bundle
The Mountain Eater - IN,710949a65f82310a4719952d38549153.bundle
Mechanted - HD,71d4ccd3822deafbf67c4c6fc2d6d1e2.bundle
Trane - IN,72d9fcf1ba9ff0408fc54af4ac1a9a16.bundle
Protoflicker - HD,730f272bd59be2fb3258ab029f64348d.bundle
大和抚子（大和撫子） - EZ,74b0c5f1c099e37801679867e95f34ab.bundle
Drop it - IN,751c996a9686b1326061ac492a77c1b2.bundle
Goodbounce - EZ,753b2977f8224f92e9c6cc9f12193979.bundle
Glaciaxion - HD,762aa4810a55157d07f7d1d5b6a13ed5.bundle
Trane - EZ,77060c5b823eb3fa5c18275fd2cbf851.bundle
Chronos Collapse - La Campanella - HD,783e2f6bafe18833cab17dea82364297.bundle
Marenol - IN,7844b911d5bd888c396b0c4e7ab76488.bundle
Initialize - IN,78e340467c45794aceb5469bdb143260.bundle
Bonus time - HD,797007e15f0cfe647428b9e5cfa14e15.bundle
Protoflicker - EZ,79a0a5832735f1e96a619568e913fee2.bundle
Energy synergy matrix - LE,79e05f2fcb526ccd8fa4cf8dd52f92ac.bundle
Marenol - HD,79e7dde79ba2147a2f8cb611d5412e6d.bundle
Speed Up - EZ,7a0ee2edf8a43e6cfd05132f26452151.bundle
Khronostasis Katharsis - EZ,7a38853c7927eb205ccc8b17ee1aa869.bundle
Nhelv - HD,7a93fbc997b537960fe3088848841829.bundle
Parallel retrogression - IN,7b096ea851315f36dcdfb5e83d43d76d.bundle
Praw - IN,7cd319410bb1cdc5fe21d26ef94b4816.bundle
Aleph-0 - HD,7ff7b197a5dcdaf2ee88a1116d782aa0.bundle
Re_Nascence - EZ,813ec4d9347bf6fe72c00f6ef1b2e9f4.bundle
Don't never around - HD,8188366d51a1d046a722d6aaff50647a.bundle
Stasis - EZ,8259beedd6e38396e109f0055c6e3b50.bundle
Doppelganger - EZ,828ec78a78224e820d4718549fa71248.bundle
Nya - IN,8451436f8129990097eef4da82da2c91.bundle
Reimei - IN,8482732eb3266611cce7d3b9a757bef9.bundle
Unorthodox Thoughts - EZ,85314f6647fb05d821d246c06ca982fa.bundle
Electron - IN,857670dcc7f81d03231c87f9ce8e6aae.bundle
Rrhar'il - HD,859ed3115bf7dfb99ddec5cba9ed8bbb.bundle
After Dawn - EZ,85c86a1e8998da47f3c2521524d7e948.bundle
Break through the barrier - LE,86032cf8215afa22e45ccfc8d0b7bb73.bundle
Cthugha - EZ,862e632caf2072fb018475fd85df003b.bundle
Apocalypse - EZ,873fbce88431035fc68170c066792a1e.bundle
Leave All Behind - IN,882ab3d393bf91722afc241af1c72f0e.bundle
Goodfortune - EZ,88cb877b6665cc5f035bd229aabaae44.bundle
Get Ready - HD,890ddcff7f8f79333b1086b03e9338d8.bundle
Jingle Bell（ジングルベル） - HD,89a01af28b6f0e99dd407cc98c4df672.bundle
After Dawn - HD,89a231162c9744eeeb9e1b9679a6254a.bundle
Find_Me - EZ,8b34c811b6efade25f2bc1b1c7562149.bundle
Cipher - HD,8bcff4393fb527cf5cb5439efa8c7416.bundle
Break through the barrier - IN,8e53ef8a49db1088f9d083f3419713fe.bundle
Dlyrotz - IN,8ea5f1d7d60a4ef11818715df9d6edb1.bundle
Goodrage - EZ,90315e8e1aa88c1a234710142464888b.bundle
Ripper - HD,9038de429b450b8fb854101a857a938e.bundle
Sigma - HD,91d07b4effbb03506d7e8e0e07529aae.bundle
Goodworld - HD,925286f9f80ce536efd6378dff5a9840.bundle
Final Step - IN,949c453283cef40e1bc0b0a075b77603.bundle
You are the Miserable - HD,95159fb58cdd658db822f02b8a1bf5c3.bundle
Wavetapper - HD,952c2c1f1c5980fbe431bfc841436e93.bundle
Igallta - IN,95dddbee0c1c5ef4d985f32d2a8a4e10.bundle
Human - HD,964d5c643013ce4c0f38fdb678152cea.bundle
Burn - IN,9662b43085aad993b80267232e5906f8.bundle
Poseidon - HD,9689640007e708772adfedc18b1c40df.bundle
Demonkin - IN,96cb9af743a199a5e7c5f0d42e23cc72.bundle
Pixel Rebelz - HD,975ae8adb487796ce600a78f8bd2ad25.bundle
Hardcore Kwaya - HD,979394062da1e3426a3ffcf6ebf368d6.bundle
重生 - IN,9914238aed5861f9919720168a9138b1.bundle
Mopemope - IN,99bc470688e9e8b6cba0a91add3a8851.bundle
Khronostasis Katharsis - HD,9a044441ff4d31507d7431d3af0e8775.bundle
云女孩 - IN,9a6ccdb909f3f82d17aeada8d628686b.bundle
风屿 - HD,9ad69b2070c0c0ded6163c9f84f945a1.bundle
Another round - HD,9b48d603bebb6593d936dc4fc2ff37cb.bundle
Wavetapper - EZ,9be90e315f56943549a61159faf9c91c.bundle
Praw - EZ,9c8b251734103797f895ebada6de5ff6.bundle
Time to night sky - HD,9ccb3cdc9731cf20e983573f858f8604.bundle
Iza Mairimasu（いざ、参ります） - HD,9dd0c453779c42d41c705ffd6308b1a2.bundle
Infinite Enerzy - EZ,9deb13dc1960d93a7ac1ae0db44bb063.bundle
Get back - EZ,9e95aae658c6f2fb11e8bdbeda684c4a.bundle
Drop it - EZ,9eb23f25d686a6c4eda26bc5f75acab1.bundle
Iza Mairimasu（いざ、参ります） - EZ,9efa85bf7d70d5b12bf3949669994df5.bundle
Final Step - HD,9f15850fd6d342a4b9f653e804d48038.bundle
-Arkhei- - HD,9ff530552bd52b1dbf86666c2c5c3171.bundle
-Surrealism- - EZ,a001f7f7a5b8ebe785934c4bbf64d31c.bundle
Eradication Catastrophe - IN,a0132190f727a155c611d6628cfbf9a5.bundle
Khronostasis Katharsis - IN,a024f9a7444dd0109015900f4c646821.bundle
Dash - EZ,a03f6cd75b82c9ff8dc41f6c55f52e06.bundle
JunXion - EZ,a29eb0601c9d15a5edc61a71158876ac.bundle
You are the Miserable - EZ,a32f25cb549f3544312aed1b5e314a45.bundle
Sultan Rage - HD,a353980a7905b50c8d44ccdd00018b94.bundle
Clock paradox - HD,a456a2dcf60f5ccede489827fa16ade4.bundle
游园地 - EZ,a56be1c95522107dca29f1dbe0f539db.bundle
Colorful days - IN,a63b5adad35ecbf5bdf0b97ca5c2c44a.bundle
Dead Soul - IN,a6b5e382747b844142a42fea91370df9.bundle
Disorder - IN,a6c1cdb924af898300a33bccf84f7b80.bundle
Magenta potion - IN,a6de7850224cc92fd9b09b511ab5f19a.bundle
The Mountain Eater - EZ,a755e1341e0023ef693cae0a4592e197.bundle
Colorful days - HD,a8f413bc9547b7b462c283513d12ad63.bundle
Initialize - EZ,a9503ae153acc5817db8e9f058699d42.bundle
Confusion - IN,aa6ed37c3f3c0f4040b270c6971be12c.bundle
Fuli Auto buster - EZ,ab65df8a1cff8677dce2b7f9ea054605.bundle
Nhelv - IN,ab8507535a6316f2a537cfa5977cf398.bundle
华灯爱（華灯爱） - IN,ad92b388c5d9352909789b66f129d41c.bundle
The Guru - HD,ae053d7a9dd96dd31dbf54dea3c7c3a8.bundle
Confusion - HD,ae86adc3ae42ea39104971b1487f1440.bundle
Goodtek - IN,aed30f82c56a7847f6442ad96e9715cf.bundle
Snow Desert - EZ,af8eeb28c2e1dbb2b73aa755edf00db3.bundle
Get back - IN,b16aca7aa928e48547e89ce2683178e4.bundle
I Must Say No - HD,b28440fa5aac677de42f6250e1be6416.bundle
Rubbish Sorting - IN,b286501d55a328ff0b741384afeb557b.bundle
光 - HD,b35673572b4ef4a7792cb6d3e93bbd16.bundle
Xing - IN,b4614ffb964f7956c6d9b9a2aa02d218.bundle
Aleph-0 - IN,b5f52be0b4a653457c8e8fac27d7a41e.bundle
The Mountain Eater - HD,b5fc42f3011679af9edf1b8202762bc3.bundle
Confusion - EZ,b63c0b53232785b8b3b9d4ceeba1dca7.bundle
Modulus - EZ,b698941657742330e3e61d4efcced617.bundle
Hardcore Kwaya - EZ,b80956eb1b3f29fa6094a748ff4bcf74.bundle
Re_Nascence - IN,b88418908582bfdd999ab07adf6b4f95.bundle
Hazard - EZ,b9a500de456b10167269dfe3c83aafaf.bundle
Chronostasis - EZ,ba13c88c7ee21d4a3762799ce27e2183.bundle
You are the Miserable - AT,ba39204d9bf6cbd3b23b467a4e3e840f.bundle
Get Ready - EZ,bb84fa25d44d041a8fd0158e1c62c76a.bundle
Hazard - IN,bb92b166bce205b541b17c8bf455c88c.bundle
Cross Soul - IN,bbdaab7f65283a5ee5bdd27b42bc2c18.bundle
